[
  {
    "id": "/subscriptions/f4db7104-c3c2-432f-920f-3c09651ae2a8/resourceGroups/exercicio-ci-cd-fiap/providers/Microsoft.Resources/deployments/Microsoft.Web-WebApp-Portal-de9bf9f1-b005/operations/3278F1336D9E8C81",
    "operationId": "3278F1336D9E8C81",
    "properties": {
      "provisioningOperation": "Create",
      "provisioningState": "Succeeded",
      "timestamp": "2023-02-14T00:35:11.8937482Z",
      "duration": "PT56.5062979S",
      "trackingId": "6029f950-4230-4bb9-87d7-b1e96fae5c80",
      "statusCode": "OK",
      "targetResource": {
        "id": "/subscriptions/f4db7104-c3c2-432f-920f-3c09651ae2a8/resourceGroups/exercicio-ci-cd-fiap/providers/Microsoft.Web/sites/exercicio-aula-3-CesarmCosta/sourcecontrols/web",
        "resourceType": "Microsoft.Web/sites/sourcecontrols",
        "resourceName": "exercicio-aula-3-CesarmCosta/web"
      }
    }
  },
  {
    "id": "/subscriptions/f4db7104-c3c2-432f-920f-3c09651ae2a8/resourceGroups/exercicio-ci-cd-fiap/providers/Microsoft.Resources/deployments/Microsoft.Web-WebApp-Portal-de9bf9f1-b005/operations/B85C658133AF4F7F",
    "operationId": "B85C658133AF4F7F",
    "properties": {
      "provisioningOperation": "Create",
      "provisioningState": "Succeeded",
      "timestamp": "2023-02-14T00:34:44.824583Z",
      "duration": "PT29.4371327S",
      "trackingId": "a5836212-65ef-47d9-a6af-d2d4c5522591",
      "statusCode": "OK",
      "targetResource": {
        "id": "/subscriptions/f4db7104-c3c2-432f-920f-3c09651ae2a8/resourceGroups/exercicio-ci-cd-fiap/providers/Microsoft.Web/sites/exercicio-aula-3-CesarmCosta",
        "resourceType": "Microsoft.Web/sites",
        "resourceName": "exercicio-aula-3-CesarmCosta"
      }
    }
  },
  {
    "id": "/subscriptions/f4db7104-c3c2-432f-920f-3c09651ae2a8/resourceGroups/exercicio-ci-cd-fiap/providers/Microsoft.Resources/deployments/Microsoft.Web-WebApp-Portal-de9bf9f1-b005/operations/5B76F125FEA62941",
    "operationId": "5B76F125FEA62941",
    "properties": {
      "provisioningOperation": "Create",
      "provisioningState": "Succeeded",
      "timestamp": "2023-02-14T00:34:23.767083Z",
      "duration": "PT8.3796327S",
      "trackingId": "9a322ae8-63a5-496a-9620-14c1092e261f",
      "statusCode": "OK",
      "targetResource": {
        "id": "/subscriptions/f4db7104-c3c2-432f-920f-3c09651ae2a8/resourceGroups/exercicio-ci-cd-fiap/providers/Microsoft.Web/serverfarms/Exercicios-FIAP",
        "resourceType": "Microsoft.Web/serverfarms",
        "resourceName": "Exercicios-FIAP"
      }
    }
  },
  {
    "id": "/subscriptions/f4db7104-c3c2-432f-920f-3c09651ae2a8/resourceGroups/exercicio-ci-cd-fiap/providers/Microsoft.Resources/deployments/Microsoft.Web-WebApp-Portal-de9bf9f1-b005/operations/08585252720310815712",
    "operationId": "08585252720310815712",
    "properties": {
      "provisioningOperation": "EvaluateDeploymentOutput",
      "provisioningState": "Succeeded",
      "timestamp": "2023-02-14T00:35:12.1190363Z",
      "duration": "PT56.731586S",
      "trackingId": "4fed92f8-080f-420d-be8b-71618eb6cb00",
      "statusCode": "OK"
    }
  }
]