{
  "id": "/subscriptions/f4db7104-c3c2-432f-920f-3c09651ae2a8/resourceGroups/exercicio-ci-cd-fiap/providers/Microsoft.Resources/deployments/Microsoft.Web-WebApp-Portal-de9bf9f1-b005",
  "name": "Microsoft.Web-WebApp-Portal-de9bf9f1-b005",
  "type": "Microsoft.Resources/deployments",
  "tags": {
    "primaryResourceId": "/subscriptions/f4db7104-c3c2-432f-920f-3c09651ae2a8/resourcegroups/exercicio-ci-cd-fiap/providers/Microsoft.Web/sites/exercicio-aula-3-CesarmCosta",
    "marketplaceItemId": "Microsoft.WebSite",
    "provisioningHash": "customize-post-provisioning-steps-webapp-deployment"
  },
  "properties": {
    "templateHash": "8245476823469509219",
    "parameters": {
      "subscriptionId": {
        "type": "String",
        "value": "f4db7104-c3c2-432f-920f-3c09651ae2a8"
      },
      "name": {
        "type": "String",
        "value": "exercicio-aula-3-CesarmCosta"
      },
      "location": {
        "type": "String",
        "value": "East US"
      },
      "hostingPlanName": {
        "type": "String",
        "value": "Exercicios-FIAP"
      },
      "serverFarmResourceGroup": {
        "type": "String",
        "value": "exercicio-ci-cd-fiap"
      },
      "alwaysOn": {
        "type": "Bool",
        "value": false
      },
      "ftpsState": {
        "type": "String",
        "value": "FtpsOnly"
      },
      "sku": {
        "type": "String",
        "value": "Basic"
      },
      "skuCode": {
        "type": "String",
        "value": "B1"
      },
      "workerSize": {
        "type": "String",
        "value": "0"
      },
      "workerSizeId": {
        "type": "String",
        "value": "0"
      },
      "numberOfWorkers": {
        "type": "String",
        "value": "1"
      },
      "linuxFxVersion": {
        "type": "String",
        "value": "NODE|16-lts"
      },
      "repoUrl": {
        "type": "String",
        "value": "https://github.com/CesarmCosta/sample-blog"
      },
      "branch": {
        "type": "String",
        "value": "main"
      }
    },
    "mode": "Incremental",
    "debugSetting": {
      "detailLevel": "None"
    },
    "provisioningState": "Succeeded",
    "timestamp": "2023-02-14T00:35:12.1511494Z",
    "duration": "PT57.4943797S",
    "correlationId": "f781e007-5831-4bac-8162-c96f85010439",
    "providers": [
      {
        "namespace": "Microsoft.Web",
        "resourceTypes": [
          {
            "resourceType": "sites",
            "locations": [
              "eastus"
            ]
          },
          {
            "resourceType": "sites/sourcecontrols",
            "locations": [
              null
            ]
          },
          {
            "resourceType": "serverfarms",
            "locations": [
              "eastus"
            ]
          }
        ]
      }
    ],
    "dependencies": [
      {
        "dependsOn": [
          {
            "id": "/subscriptions/f4db7104-c3c2-432f-920f-3c09651ae2a8/resourceGroups/exercicio-ci-cd-fiap/providers/Microsoft.Web/serverfarms/Exercicios-FIAP",
            "resourceType": "Microsoft.Web/serverfarms",
            "resourceName": "Exercicios-FIAP"
          }
        ],
        "id": "/subscriptions/f4db7104-c3c2-432f-920f-3c09651ae2a8/resourceGroups/exercicio-ci-cd-fiap/providers/Microsoft.Web/sites/exercicio-aula-3-CesarmCosta",
        "resourceType": "Microsoft.Web/sites",
        "resourceName": "exercicio-aula-3-CesarmCosta"
      },
      {
        "dependsOn": [
          {
            "id": "/subscriptions/f4db7104-c3c2-432f-920f-3c09651ae2a8/resourceGroups/exercicio-ci-cd-fiap/providers/Microsoft.Web/Sites/exercicio-aula-3-CesarmCosta",
            "resourceType": "Microsoft.Web/Sites",
            "resourceName": "exercicio-aula-3-CesarmCosta"
          }
        ],
        "id": "/subscriptions/f4db7104-c3c2-432f-920f-3c09651ae2a8/resourceGroups/exercicio-ci-cd-fiap/providers/Microsoft.Web/sites/exercicio-aula-3-CesarmCosta/sourcecontrols/web",
        "resourceType": "Microsoft.Web/sites/sourcecontrols",
        "resourceName": "exercicio-aula-3-CesarmCosta/web"
      }
    ],
    "outputResources": [
      {
        "id": "/subscriptions/f4db7104-c3c2-432f-920f-3c09651ae2a8/resourceGroups/exercicio-ci-cd-fiap/providers/Microsoft.Web/serverfarms/Exercicios-FIAP"
      },
      {
        "id": "/subscriptions/f4db7104-c3c2-432f-920f-3c09651ae2a8/resourceGroups/exercicio-ci-cd-fiap/providers/Microsoft.Web/sites/exercicio-aula-3-CesarmCosta"
      },
      {
        "id": "/subscriptions/f4db7104-c3c2-432f-920f-3c09651ae2a8/resourceGroups/exercicio-ci-cd-fiap/providers/Microsoft.Web/sites/exercicio-aula-3-CesarmCosta/sourcecontrols/web"
      }
    ],
    "validationLevel": "Template"
  }
}